{"references": ["AB519641.1", "KX148100.1", "KX148269.1", "JQ685947.1"], "primary_ref": "AB519641.1", "secondary_refs": ["KX148100.1", "KX148269.1", "JQ685947.1"], "secondary_ref_count": 3, "excluded_refs": [], "excluded_ref_count": 0, "regions": 18, "percent_coverage": 90.97, "gaps": 2, "config": {"amplicon_size_min": 760, "amplicon_size_max": 840, "high_gc": false, "primalscheme_version": "1.4.1", "primary_only": false, "primer_size_range": {"min": 19, "max": 34, "opt": 22}, "primer_gc_range": {"min": 30, "max": 55, "opt": 50}, "step_distance": 11, "target_overlap": 0}}